published_date,open,high,low,close,per_change,traded_quantity,traded_amount,status,symbol
2026-08-12,927.9,943.0,906.3,943.0,1.63,628.0,578185.9,1,ACLBSL
2026-08-12,301.0,304.8,301.0,304.0,0.5,34081.0,10338632.1,1,ADBL
2026-08-12,410.0,419.5,408.0,416.5,-0.12,1032.0,425519.0,1,AHL
2026-08-12,267.0,267.0,263.2,264.0,-0.08,62813.0,16587133.9,-1,AHPC
2026-08-12,350.0,368.8,350.0,363.8,-0.33,259591.0,94002269.5,1,AKJCL
2026-08-12,255.0,255.9,251.0,252.0,-0.9,57770.0,14593763.8,-1,AKPL
2026-08-12,1070.0,1141.0,1070.0,1114.0,0.01,4715.0,5204107.4,1,ALBSL
2026-08-12,428.7,428.7,416.1,418.0,-0.48,9785.0,4092606.9,-1,ALICL
2026-08-12,5200.0,5755.9,5200.0,5305.0,-2.45,2070.0,11196641.4,1,ANLB
2026-08-12,830.0,830.0,813.1,815.0,-1.81,11981.0,9808954.7,-1,APHL
2026-08-12,339.8,339.8,328.3,331.0,-0.3,116519.0,38480846.7,-1,API
2026-08-12,1043.0,1060.0,1043.0,1060.0,1.63,2924.0,3091325.2,1,AVYAN
2026-08-12,700.0,700.0,680.0,685.0,-0.16,7274.0,5003712.4,-1,BANDIPUR
2026-08-12,319.1,323.9,317.1,317.5,-0.5,16723.0,5319246.6,-1,BARUN
2026-08-12,4181.0,4250.0,4122.0,4200.0,-0.24,271.0,1137038.1,1,BBC
2026-08-12,323.0,325.0,315.2,316.0,-0.63,10321.0,3265859.9,-1,BEDC
2026-08-12,499.0,501.0,493.3,493.9,0.39,28745.0,14217792.9,-1,BFC
2026-08-12,545.0,545.0,535.0,537.6,-1.36,567.0,304575.6,-1,BGWT
2026-08-12,466.0,498.0,466.0,493.0,0.61,12040.0,5901408.5,1,BHCL
2026-08-12,433.0,433.0,425.4,428.5,0.09,2217.0,945881.3,-1,BHDC
2026-08-12,208.0,210.0,207.0,207.7,-0.14,23636.0,4921248.3,-1,BHL
2026-08-12,499.0,499.0,483.0,485.0,-2.81,1640.0,798885.0,-1,BHPL
2026-08-12,681.0,692.0,677.1,684.0,0.44,7016.0,4774199.9,1,BJHL
2026-08-12,290.0,290.0,280.1,281.6,-1.02,12650.0,3561571.9,-1,BNHC
2026-08-12,11550.0,11600.0,11550.0,11600.0,0.43,110.0,1275500.0,1,BNT
2026-08-12,653.0,706.4,643.0,655.0,1.24,22253.0,14515230.2,1,BPCL
2026-08-12,591.0,599.9,586.0,588.0,-0.51,10866.0,6399081.3,-1,BUNGAL
2026-08-12,10.0,10.0,10.0,10.0,0.3,120.0,1200.0,0,C30MF
2026-08-12,928.2,936.0,928.1,933.0,0.32,5915.0,5510656.5,1,CBBL
2026-08-12,625.1,697.0,625.1,650.0,-1.22,343174.0,224849937.4,1,CFCL
2026-08-12,775.0,780.0,773.4,778.0,0.22,6251.0,4851481.9,1,CGH
2026-08-12,482.1,486.5,480.0,481.0,-0.21,9938.0,4779120.1,-1,CHCL
2026-08-12,2180.0,2251.0,2175.0,2238.0,2.85,18189.0,40310605.6,1,CHDC
2026-08-12,260.0,267.8,260.0,264.0,-1.23,9457.0,2502193.9,1,CHL
2026-08-12,1709.9,1709.9,1700.0,1704.7,0.1,3114.0,5301832.6,-1,CIT
2026-08-12,366.1,374.9,366.0,372.0,0.4,89313.0,33035725.1,1,CITY
2026-08-12,582.0,609.0,571.0,609.0,1.67,1641.0,976515.0,1,CKHL
2026-08-12,437.2,437.2,430.0,432.0,-1.19,21143.0,9151137.3,-1,CLI
2026-08-12,1174.0,1174.0,1070.0,1086.0,-4.74,38077.0,41892202.2,-1,CORBL
2026-08-12,1247.4,1247.4,1170.0,1185.0,-0.25,4136.0,4850995.8,-1,CREST
2026-08-12,8.87,9.35,8.85,9.07,2.25,4000.0,35940.0,1,CSY
2026-08-12,1265.1,1266.0,1221.1,1237.0,-2.21,2655.0,3302401.6,-1,CYCL
2026-08-12,203.0,205.9,201.3,203.9,0.54,32544.0,6625261.9,1,CZBIL
2026-08-12,850.0,852.0,840.0,850.0,1.19,15008.0,12727999.7,0,DDBL
2026-08-12,610.0,615.0,599.9,602.0,-2.11,18205.0,10977030.4,-1,DHEL
2026-08-12,282.1,284.0,282.0,283.0,-2.41,3173.0,896755.0,1,DHPL
2026-08-12,1145.1,1214.0,1145.1,1147.0,-1.12,408.0,472742.5,1,DLBS
2026-08-12,321.0,321.0,316.0,318.0,-0.31,7455.0,2366409.8,-1,DOLTI
2026-08-12,247.0,253.7,247.0,250.0,-0.4,9600.0,2404168.7,1,DORDI
2026-08-12,715.0,729.9,715.0,716.6,0.22,16152.0,11653976.1,1,EBL
2026-08-12,1061.0,1061.0,1061.0,1061.0,-2.48,25.0,26525.0,0,EBLD91
2026-08-12,587.9,587.9,580.0,583.5,-0.75,2655.0,1543973.5,-1,EDBL
2026-08-12,345.5,349.0,329.1,336.0,-0.06,24313.0,8204067.6,-1,EHPL
2026-08-12,800.0,848.7,782.1,847.0,5.48,1388.0,1125788.3,1,ENL
2026-08-12,790.0,912.0,787.2,788.7,-2.71,35577.0,28576920.9,-1,FMDBL
2026-08-12,930.0,935.0,930.0,935.0,0.54,1563.0,1457718.9,1,FOWAD
2026-08-12,1060.1,1061.0,1060.1,1061.0,0.23,35.0,37112.5,1,GBBD85
2026-08-12,420.0,421.0,419.0,419.5,0.12,24874.0,10446920.8,-1,GBBL
2026-08-12,238.2,253.0,238.2,250.0,-0.28,189235.0,47559040.8,1,GBIME
2026-08-12,9.06,9.11,9.06,9.11,0.11,600.0,5461.0,1,GBIMESY2
2026-08-12,729.3,749.9,729.3,749.9,2.42,989.0,730166.8,1,GBLBS
2026-08-12,346.0,349.0,340.0,342.0,-1.47,11274.0,3868487.1,-1,GCIL
2026-08-12,603.0,605.0,597.0,598.0,-0.66,4471.0,2680369.6,-1,GFCL
2026-08-12,230.0,234.0,227.9,229.4,-0.26,48393.0,11112009.2,-1,GHL
2026-08-12,10.68,10.69,10.68,10.69,-1.93,3400.0,36313.0,1,GIBF1
2026-08-12,1051.8,1078.0,1051.8,1078.0,0.71,89.0,94784.8,1,GILB
2026-08-12,1740.0,1792.9,1740.0,1753.0,-0.96,206.0,363477.0,1,GLBSL
2026-08-12,258.0,260.0,255.2,257.2,-0.39,13752.0,3538529.5,-1,GLH
2026-08-12,1115.0,1160.0,1115.0,1152.0,1.68,222.0,254001.0,1,GMFBS
2026-08-12,452.0,460.0,446.0,449.1,-1.73,13326.0,6014020.2,-1,GMFIL
2026-08-12,1105.0,1140.0,1075.0,1095.0,-0.73,1005.0,1106086.5,-1,GMLI
2026-08-12,1031.2,1052.0,1031.2,1050.0,-0.09,4984.0,5208925.6,1,GRDBL
2026-08-12,9.7,9.75,9.46,9.5,0.0,1150.0,11026.0,-1,GSY
2026-08-12,575.0,585.0,572.0,576.0,0.52,14101.0,8110223.7,1,GUFL
2026-08-12,475.3,481.0,475.1,481.0,0.1,8931.0,4274985.9,1,GVL
2026-08-12,1085.0,1085.0,1085.0,1054.3,-2.83,11.0,11845.2,-1,GWFD83
2026-08-12,11.72,12.07,11.72,12.07,3.43,600.0,7161.0,1,H8020
2026-08-12,681.0,695.0,673.0,676.0,-0.59,4187.0,2837723.2,-1,HATHY
2026-08-12,194.0,201.0,193.4,195.0,0.52,118391.0,23477899.5,1,HBL
2026-08-12,197.6,210.9,197.6,207.0,-0.43,51851.0,10759933.0,1,HDHPC
2026-08-12,1120.0,1185.0,1120.0,1166.0,0.34,17422.0,20325265.1,1,HDL
2026-08-12,525.0,540.0,525.0,537.9,0.6,341.0,179962.3,1,HEI
2026-08-12,328.0,328.0,328.0,328.0,-2.9,10.0,3280.0,0,HEIP
2026-08-12,676.0,688.0,665.5,669.0,-1.55,14769.0,9956819.0,-1,HFIN
2026-08-12,330.0,339.7,329.0,332.1,0.0,20260.0,6711373.0,1,HHL
2026-08-12,251.8,265.0,250.0,265.0,4.95,163995.0,41304765.2,1,HIDCL
2026-08-12,188.1,188.9,186.1,187.5,-0.21,26415.0,4948260.5,-1,HIDCLP
2026-08-12,724.9,734.7,707.1,715.0,-0.54,3402.0,2435575.0,-1,HIMSTAR
2026-08-12,863.0,875.0,861.4,875.0,-1.12,737.0,640355.2,1,HLBSL
2026-08-12,318.0,319.8,316.0,317.0,-0.31,9096.0,2885666.3,-1,HLI
2026-08-12,8.5,8.75,8.5,8.53,0.35,1500.0,12831.0,1,HLICF
2026-08-12,373.0,395.0,373.0,379.0,-1.66,113217.0,43170158.7,1,HPPL
2026-08-12,596.3,596.3,575.0,581.0,0.35,32750.0,18997310.1,-1,HRL
2026-08-12,237.0,240.8,236.0,237.0,-0.42,23768.0,5632346.0,0,HURJA
2026-08-12,598.0,613.7,595.0,595.0,-0.34,8451.0,5050311.9,-1,ICFC
2026-08-12,1115.0,1130.0,1115.0,1130.0,-0.43,75.0,84125.0,1,ICFCD88
2026-08-12,1077.1,1077.4,1077.1,1077.4,1.24,50.0,53862.5,1,ICFCD89
2026-08-12,428.0,431.5,427.0,427.1,-0.02,2967.0,1272012.2,-1,IGI
2026-08-12,337.0,343.0,337.0,341.0,0.18,1410.0,480277.0,1,IHL
2026-08-12,885.0,885.0,861.0,875.0,-0.34,88.0,76272.4,-1,ILBS
2026-08-12,407.0,414.0,407.0,413.0,0.73,3607.0,1482472.9,1,ILI
2026-08-12,338.0,339.0,333.3,336.0,-0.36,33905.0,11392511.8,-1,JBBL
2026-08-12,1250.0,1270.0,1248.0,1270.0,1.18,1870.0,2343828.7,1,JBLB
2026-08-12,385.0,388.0,379.0,388.0,0.28,4317.0,1644526.2,1,JFL
2026-08-12,1040.4,1100.0,1040.4,1087.9,-0.66,3313.0,3580643.0,1,JHAPA
2026-08-12,284.4,285.0,274.8,277.9,-1.8,39905.0,11125933.2,-1,JOSHI
2026-08-12,977.9,977.9,967.1,967.1,-1.32,58.0,56410.0,-1,JSLBB
2026-08-12,226.8,226.8,216.1,219.0,1.39,394307.0,86419023.2,-1,KBL
2026-08-12,950.0,1039.0,950.0,961.0,-1.94,13364.0,12901225.0,1,KBSH
2026-08-12,10.83,11.1,10.83,10.98,0.92,139886.0,1538488.5,1,KDBY
2026-08-12,770.0,779.8,769.0,779.8,1.54,572.0,442718.2,1,KDL
2026-08-12,10.59,10.85,10.52,10.83,0.84,366136.0,3941048.38,1,KEF
2026-08-12,823.7,823.7,800.1,800.1,-0.65,6691.0,5391885.7,-1,KHPL
2026-08-12,316.0,327.0,315.1,324.0,2.05,341070.0,109993306.3,1,KKHC
2026-08-12,800.0,808.0,750.0,796.3,-0.46,6542.0,5024484.1,-1,KMCDB
2026-08-12,461.0,474.8,461.0,467.0,0.09,5337.0,2479936.5,1,KPCL
2026-08-12,468.0,475.0,466.6,474.9,0.87,26203.0,12366546.9,1,KSBBL
2026-08-12,9.6,9.6,9.35,9.36,0.32,2130.0,20235.5,-1,KSY
2026-08-12,485.0,486.0,484.0,485.0,0.21,17555.0,8507509.2,0,LBBL
2026-08-12,218.0,222.0,217.5,217.8,-0.55,35487.0,7760778.0,-1,LEC
2026-08-12,779.9,780.0,769.0,772.0,0.26,4221.0,3253148.9,-1,LICN
2026-08-12,908.0,935.0,863.0,885.0,0.11,518.0,461767.9,-1,LLBS
2026-08-12,221.1,223.0,220.0,220.9,-0.05,70498.0,15610286.9,-1,LSL
2026-08-12,10.28,10.28,9.76,10.15,-4.15,13300.0,132899.0,-1,LUK
2026-08-12,9.43,9.43,9.31,9.31,1.64,8933.0,84214.19,-1,LVF2
2026-08-12,592.1,600.0,590.1,590.1,-1.16,3649.0,2166690.6,-1,MABEL
2026-08-12,420.1,420.1,414.0,415.0,-1.07,18753.0,7828108.6,-1,MAKAR
2026-08-12,796.0,802.0,796.0,802.0,0.0,1452.0,1162012.1,1,MANDU
2026-08-12,815.0,815.0,801.1,801.1,-0.85,349.0,280625.6,-1,MATRI
2026-08-12,261.0,269.0,261.0,265.5,-0.41,11114.0,2956446.0,1,MBJC
2026-08-12,254.0,255.0,252.0,254.0,0.4,33624.0,8536344.2,0,MBL
2026-08-12,10.13,10.34,10.13,10.34,0.19,137100.0,1412626.0,1,MBLEF
2026-08-12,280.0,281.0,275.0,280.0,-0.71,2155.0,602489.0,0,MCHL
2026-08-12,571.0,579.8,570.0,579.8,0.66,2881.0,1645198.0,1,MDB
2026-08-12,283.0,290.0,282.0,287.0,1.49,3555.0,1015722.0,1,MEHL
2026-08-12,208.6,212.0,203.7,208.1,-0.19,37000.0,7654977.4,-1,MEL
2026-08-12,641.0,641.0,610.9,614.0,0.52,67448.0,41318860.3,-1,MEN
2026-08-12,663.0,666.0,660.0,663.1,0.02,1814.0,1203400.0,1,MERO
2026-08-12,761.0,783.0,752.0,783.0,2.89,27501.0,21053277.2,1,MFIL
2026-08-12,314.0,314.0,304.7,312.0,0.65,1765.0,543722.0,-1,MHCL
2026-08-12,466.0,468.0,463.5,464.0,-0.45,2741.0,1272119.5,-1,MHL
2026-08-12,254.1,254.1,234.8,240.0,-0.83,4858.0,1171602.3,-1,MHNL
2026-08-12,1060.0,1060.0,1041.0,1050.0,-1.32,4366.0,4592620.2,-1,MKCL
2026-08-12,275.0,275.0,266.0,267.0,-2.13,25356.0,6805487.9,-1,MKHC
2026-08-12,495.0,500.0,488.0,500.0,1.4,3148.0,1554623.3,1,MKHL
2026-08-12,455.0,455.0,443.3,448.0,0.43,5717.0,2547760.0,-1,MKJC
2026-08-12,1085.0,1085.0,1052.2,1067.0,-2.96,4754.0,5084015.5,-1,MLBBL
2026-08-12,330.7,358.0,330.7,346.5,-0.43,9353.0,3257202.0,1,MLBL
2026-08-12,1115.0,1144.0,1115.0,1144.0,-0.09,115.0,128515.0,1,MLBS
2026-08-12,1370.0,1370.0,1291.0,1299.0,-5.18,7755.0,10119544.3,-1,MLBSL
2026-08-12,8.72,9.16,8.72,9.01,1.24,8950.0,79364.0,1,MMF1
2026-08-12,450.0,450.0,440.1,449.9,1.56,1475.0,657135.0,-1,MMKJL
2026-08-12,368.8,368.8,362.0,365.0,-0.49,39825.0,14549837.2,-1,MNBBL
2026-08-12,9.54,9.54,9.54,9.54,0.32,800.0,7632.0,0,MNMF1
2026-08-12,618.0,628.0,615.0,624.0,0.06,15931.0,9913060.6,1,MPFL
2026-08-12,600.0,605.0,590.1,601.0,-0.5,288.0,173222.2,1,MSHL
2026-08-12,1246.1,1279.0,1246.1,1252.4,-1.77,313.0,394053.0,1,MSLB
2026-08-12,832.0,835.0,810.0,813.1,-0.48,11627.0,9557206.3,-1,NABBC
2026-08-12,551.0,555.0,549.0,550.0,-0.18,27049.0,14895725.4,-1,NABIL
2026-08-12,701.3,720.0,701.3,720.0,0.28,209.0,148973.7,1,NADEP
2026-08-12,9.85,9.85,9.84,9.84,0.1,220.0,2165.8,-1,NBF2
2026-08-12,9.57,9.73,9.57,9.59,-0.1,3700.0,35532.0,1,NBF3
2026-08-12,264.0,269.8,264.0,267.0,0.41,40763.0,10902360.0,1,NBL
2026-08-12,1080.0,1080.0,1080.0,1074.0,-0.56,5.0,5370.0,-1,NBLD87
2026-08-12,1430.0,1450.0,1430.0,1450.0,0.14,917.0,1313225.2,1,NESDO
2026-08-12,565.0,576.9,555.0,565.0,0.86,17373.0,9808872.4,0,NFS
2026-08-12,441.0,441.0,415.0,415.0,-1.43,255946.0,106969301.3,-1,NGPL
2026-08-12,631.0,642.0,631.0,642.0,0.31,1749.0,1118390.8,1,NHDL
2026-08-12,260.3,276.9,260.3,271.9,-0.66,123741.0,33632059.8,1,NHPC
2026-08-12,8.9,9.15,8.89,8.89,0.11,201855.0,1797345.5,-1,NIBLGF
2026-08-12,8.5,8.75,8.5,8.55,-0.47,8722.0,76004.5,1,NIBLSTF
2026-08-12,8.87,8.87,8.82,8.83,-0.45,800.0,7064.0,-1,NIBSF2
2026-08-12,330.0,334.0,325.0,325.1,-0.28,31814.0,10385643.1,-1,NICA
2026-08-12,9.5,9.5,9.2,9.2,-1.08,600.0,5670.0,-1,NICBF
2026-08-12,9.2,9.47,9.2,9.3,1.09,4529.0,42209.85,1,NICFC
2026-08-12,9.01,9.28,9.01,9.08,0.78,1590.0,14452.2,1,NICGF2
2026-08-12,500.0,501.0,498.0,500.0,-0.04,2876.0,1437607.7,0,NICL
2026-08-12,540.0,554.9,540.0,548.5,0.61,5770.0,3170351.4,1,NICLBSL
2026-08-12,8.8,9.0,8.8,8.83,1.96,33117.0,292477.94,1,NICSF
2026-08-12,244.0,255.4,242.2,252.4,3.44,83476.0,20642267.2,1,NIFRA
2026-08-12,1020.0,1020.0,1020.0,1020.0,-0.97,25.0,25500.0,0,NIFRAGED
2026-08-12,606.0,615.0,603.1,606.2,0.03,6410.0,3882355.4,1,NIL
2026-08-12,201.0,201.0,192.0,193.1,-0.1,47338.0,9156888.2,-1,NIMB
2026-08-12,143.1,143.1,140.0,141.0,-2.08,16572.0,2327951.6,-1,NIMBPO
2026-08-12,559.0,571.0,555.0,571.0,0.88,13229.0,7397940.4,1,NLG
2026-08-12,742.0,742.0,736.0,738.8,0.11,14922.0,11001849.5,-1,NLIC
2026-08-12,569.5,569.9,564.0,565.0,-0.35,7501.0,4243411.2,-1,NLICL
2026-08-12,251.0,251.0,241.3,242.9,-0.16,34208.0,8290214.4,-1,NMB
2026-08-12,9.5,9.57,9.5,9.55,-0.21,1200.0,11464.0,1,NMBHF2
2026-08-12,600.0,610.0,599.0,599.0,-0.37,1699.0,1024588.0,-1,NMBMF
2026-08-12,1101.0,1125.0,1101.0,1115.0,1.0,3265.0,3629734.5,1,NMFBS
2026-08-12,915.0,915.0,895.6,901.0,-0.55,1137.0,1022442.6,-1,NMIC
2026-08-12,519.0,520.0,513.6,514.0,-0.96,2671.0,1381363.5,-1,NMLBBL
2026-08-12,927.0,940.0,918.0,922.0,-0.54,10977.0,10140739.4,-1,NRIC
2026-08-12,304.0,306.0,301.7,303.3,-0.23,4792.0,1454643.6,-1,NRM
2026-08-12,1350.0,1435.0,1350.0,1430.0,3.85,224771.0,316012288.0,1,NRN
2026-08-12,10.7,10.87,10.7,10.87,1.59,12306.0,133749.22,1,NSIF2
2026-08-12,9.0,9.46,9.0,9.4,2.17,25500.0,234405.49,1,NSY
2026-08-12,861.0,868.7,861.0,862.1,0.12,5408.0,4680350.3,1,NTC
2026-08-12,603.0,605.0,599.0,600.1,-0.22,4091.0,2458139.2,-1,NUBL
2026-08-12,684.0,690.0,683.0,690.0,0.44,1087.0,744728.0,1,NWCL
2026-08-12,365.0,369.0,362.0,368.9,-0.27,7375.0,2689337.5,1,NYADI
2026-08-12,656.0,688.0,656.0,670.0,2.12,2724.0,1835118.8,1,OHL
2026-08-12,895.1,905.0,891.0,900.0,0.55,3540.0,3175716.9,1,OMPL
2026-08-12,1172.0,1172.0,1170.0,1170.0,1.74,25.0,29280.0,-1,PBD88
2026-08-12,240.0,242.5,238.5,240.0,0.0,28515.0,6840100.4,0,PCBL
2026-08-12,620.0,630.0,615.0,623.0,0.0,26706.0,16529782.0,1,PCIL
2026-08-12,300.0,302.9,296.0,298.5,-0.5,25852.0,7731401.3,-1,PHCL
2026-08-12,314.0,315.0,311.1,315.0,-1.1,2826.0,883719.0,1,PMHPL
2026-08-12,436.0,439.9,421.0,432.9,-0.71,23192.0,9879643.8,-1,PMLI
2026-08-12,321.0,339.0,321.0,335.5,-0.68,6280.0,2094570.5,1,PPCL
2026-08-12,310.0,328.7,310.0,324.0,-0.61,11444.0,3678288.3,1,PPL
2026-08-12,669.5,670.0,663.7,666.9,-0.36,4500.0,3002606.3,-1,PRIN
2026-08-12,416.0,424.0,413.0,417.2,0.29,2175.0,908269.0,1,PROFL
2026-08-12,12.78,12.79,12.78,12.79,-0.31,1100.0,14068.0,1,PRSF
2026-08-12,190.0,190.9,188.9,189.4,-0.32,58663.0,11117582.4,-1,PRVU
2026-08-12,11.86,12.0,11.86,12.0,1.35,5400.0,64344.0,1,PSF
2026-08-12,816.0,830.0,806.0,829.0,0.36,11760.0,9736917.6,1,PURE
2026-08-12,700.0,730.0,700.0,729.8,1.81,142030.0,101557911.3,1,RADHI
2026-08-12,429.0,429.0,419.0,423.8,0.0,9538.0,4023439.9,-1,RAWA
2026-08-12,9.2,10.35,9.1,9.1,1.0,32410.0,300087.0,-1,RBBF40
2026-08-12,14110.0,14110.0,14025.0,14025.0,-0.59,100.0,1406370.0,-1,RBCL
2026-08-12,342.5,342.5,333.7,336.5,0.0,9817.0,3288493.3,-1,RFPL
2026-08-12,260.0,260.0,255.0,257.0,-0.39,13470.0,3450098.4,-1,RHGCL
2026-08-12,253.3,257.0,253.3,253.6,-1.09,11184.0,2847240.0,1,RHPL
2026-08-12,377.0,380.0,370.1,375.0,-0.53,275981.0,103303829.0,-1,RIDI
2026-08-12,865.0,906.0,826.0,855.0,-0.93,18108.0,15469675.6,-1,RLEL
2026-08-12,452.9,455.0,443.0,448.9,0.65,27609.0,12361525.2,-1,RLFL
2026-08-12,10.02,10.02,9.6,9.84,0.2,55300.0,541771.7,-1,RMF1
2026-08-12,9.81,9.81,9.81,9.81,-0.1,100.0,981.0,0,RMF2
2026-08-12,421.1,425.9,421.1,421.5,-0.33,18238.0,7694429.3,1,RNLI
2026-08-12,637.1,639.5,637.1,638.4,-1.63,492.0,314050.8,1,RSDC
2026-08-12,2600.0,2630.0,2550.1,2550.1,-2.89,23929.0,61888695.4,-1,RSML
2026-08-12,10.11,10.49,10.11,10.4,1.27,11300.0,116933.0,1,RSY
2026-08-12,611.0,615.0,608.1,608.1,0.18,1239.0,755428.6,-1,RURU
2026-08-12,930.0,1014.0,930.0,955.0,-0.23,11943.0,11391169.5,1,SABBL
2026-08-12,413.0,413.0,404.3,409.9,-0.02,25395.0,10342503.0,-1,SADBL
2026-08-12,1700.0,1725.0,1650.0,1680.0,-1.18,7720.0,12930788.5,-1,SAGAR
2026-08-12,10.0,10.3,10.0,10.2,2.0,8600.0,88161.0,1,SAGF
2026-08-12,705.0,705.0,672.0,672.0,-0.36,71678.0,48362309.8,-1,SAHAS
2026-08-12,1150.0,1150.0,1080.0,1093.0,-0.64,15742.0,17196818.5,-1,SAIL
2026-08-12,600.0,601.5,587.3,589.0,-1.01,618.0,364276.0,-1,SALICO
2026-08-12,369.0,370.9,365.3,366.0,-0.81,143595.0,52806750.4,-1,SANIMA
2026-08-12,570.0,606.0,570.0,599.5,0.1,6572.0,3897179.5,1,SANVI
2026-08-12,800.0,805.0,790.0,791.3,-1.33,14082.0,11179099.5,-1,SAPDBL
2026-08-12,780.0,803.4,780.0,794.9,0.88,2771.0,2207997.0,1,SARBTM
2026-08-12,9.6,9.89,9.32,9.36,-2.5,170993.0,1670648.1,-1,SBCF
2026-08-12,401.0,404.9,397.0,404.0,-0.25,23854.0,9577120.3,1,SBI
2026-08-12,411.0,414.0,408.0,410.9,0.22,44649.0,18370325.6,-1,SBL
2026-08-12,1041.8,1041.8,1041.8,1041.8,-1.25,25.0,26045.0,0,SBLD2091
2026-08-12,1228.1,1228.1,1228.1,1228.1,0.24,20.0,24562.0,0,SBLD89
2026-08-12,650.0,654.0,646.0,650.0,0.11,4802.0,3126494.2,0,SCB
2026-08-12,10.2,10.2,9.95,10.05,-1.95,16500.0,164930.0,-1,SEF
2026-08-12,10.0,10.0,9.8,9.8,0.0,49410.0,484709.0,-1,SFEF
2026-08-12,10.2,10.3,10.2,10.3,0.0,2519.0,25895.7,1,SFMF
2026-08-12,310.0,314.0,306.2,306.9,-1.0,56056.0,17287423.6,-1,SGHC
2026-08-12,453.0,453.0,449.1,452.8,-0.04,7484.0,3372345.5,-1,SGIC
2026-08-12,303.3,309.0,303.3,305.0,-0.29,26751.0,8148187.1,1,SHEL
2026-08-12,410.0,410.0,405.0,410.0,0.0,15638.0,6395765.8,0,SHINE
2026-08-12,640.0,640.0,630.0,632.1,-0.61,61657.0,39036071.3,-1,SHIVM
2026-08-12,502.0,508.0,502.0,508.0,0.99,23413.0,11822596.1,1,SHL
2026-08-12,1430.0,1456.0,1403.0,1456.0,-1.22,431.0,607446.7,1,SHLB
2026-08-12,498.0,503.9,493.2,494.9,-0.62,10919.0,5403015.7,-1,SHPC
2026-08-12,612.4,618.4,612.2,615.0,0.59,5969.0,3670728.6,1,SICL
2026-08-12,504.0,507.9,503.0,503.2,-0.47,3182.0,1603418.3,-1,SIFC
2026-08-12,10.6,10.6,10.6,10.6,-2.3,1140.0,12084.0,0,SIGS3
2026-08-12,553.1,557.0,553.1,555.9,0.11,3588.0,1991743.6,1,SIKLES
2026-08-12,704.9,704.9,676.1,684.6,-0.2,8940.0,6100410.6,-1,SINDU
2026-08-12,678.0,680.0,661.3,675.0,-0.74,7484.0,4998762.3,-1,SIPD
2026-08-12,267.1,272.0,267.1,271.0,0.37,3396.0,913934.6,1,SJCL
2026-08-12,405.2,412.0,405.2,412.0,0.73,14107.0,5762575.7,1,SJLIC
2026-08-12,750.0,753.9,744.2,746.2,-0.12,5261.0,3923151.4,-1,SKBBL
2026-08-12,975.0,990.0,960.0,970.0,-0.11,1381.0,1341058.0,-1,SKHEL
2026-08-12,870.2,893.0,852.0,883.0,-1.11,8193.0,7121931.4,1,SKHL
2026-08-12,794.0,803.9,790.3,797.0,0.38,3175.0,2530458.6,1,SLBBL
2026-08-12,925.0,938.1,925.0,927.0,-2.32,2356.0,2187464.0,1,SLBSL
2026-08-12,9.21,9.75,9.21,9.72,4.18,8100.0,78534.0,1,SLCF
2026-08-12,720.6,732.9,720.6,724.5,-0.62,799.0,578397.6,1,SMATA
2026-08-12,1855.7,1855.7,1807.0,1807.0,-2.62,146.0,265172.4,-1,SMB
2026-08-12,1603.3,1603.3,1464.7,1499.0,-1.83,660.0,976236.5,-1,SMFBS
2026-08-12,512.0,516.0,505.0,509.4,-0.49,7468.0,3813115.3,-1,SMH
2026-08-12,496.0,496.0,489.0,492.9,-0.22,48400.0,23759320.3,-1,SMHL
2026-08-12,450.0,450.0,435.0,442.0,-0.65,9512.0,4157694.4,-1,SMJC
2026-08-12,748.0,748.0,739.0,746.0,-0.52,833.0,616722.0,-1,SMPDA
2026-08-12,412.0,412.0,406.0,409.0,-0.73,20127.0,8227729.1,-1,SNLI
2026-08-12,901.1,920.0,890.1,903.0,-1.3,8916.0,8026760.2,1,SNORL
2026-08-12,670.0,700.2,670.0,690.0,-0.72,319127.0,220659992.0,1,SOHL
2026-08-12,405.0,406.0,402.0,402.4,-0.17,12928.0,5204186.8,-1,SONA
2026-08-12,810.0,820.0,800.1,801.1,-1.58,21064.0,17020654.4,-1,SOPL
2026-08-12,414.0,417.8,410.0,417.8,0.38,1106.0,454802.3,1,SPC
2026-08-12,360.9,381.0,360.9,370.5,-2.45,31236.0,11669985.5,1,SPDL
2026-08-12,517.0,522.9,510.5,519.9,-0.35,3101.0,1593435.0,1,SPHL
2026-08-12,677.0,694.0,677.0,694.0,1.6,3464.0,2373941.0,1,SPIL
2026-08-12,630.0,640.0,630.0,640.0,0.61,380.0,241205.0,1,SPL
2026-08-12,368.0,370.0,366.3,370.0,0.0,5232.0,1929959.7,1,SRLI
2026-08-12,200.0,203.7,199.6,200.0,-0.84,53949.0,10810869.4,0,SSHL
2026-08-12,5210.0,5210.0,5140.2,5200.0,0.0,896.0,4626746.2,-1,STC
2026-08-12,1980.0,2015.0,1980.0,2015.0,0.8,345.0,688908.0,1,SWASTIK
2026-08-12,701.0,701.0,662.0,676.0,0.9,1383.0,925694.2,-1,SWBBL
2026-08-12,606.0,615.0,605.2,615.0,0.49,2435.0,1482135.4,1,SWMF
2026-08-12,1322.0,1330.0,1298.0,1298.0,-1.74,32019.0,42042316.4,-1,SYPNL
2026-08-12,451.1,455.5,450.0,451.0,0.4,46091.0,20897906.8,-1,TAMOR
2026-08-12,368.0,368.0,361.0,363.0,0.47,12403.0,4484363.7,-1,TPC
2026-08-12,550.0,556.0,542.2,550.0,-1.22,19197.0,10504299.4,0,TPKHL
2026-08-12,799.0,844.0,797.0,825.0,3.76,8206.0,6703685.0,1,TRH
2026-08-12,362.0,375.0,362.0,369.0,2.02,2458.0,908848.1,1,TSHL
2026-08-12,715.0,727.9,710.0,714.9,-0.71,5674.0,4044618.5,-1,TTL
2026-08-12,475.1,480.0,473.5,474.0,-1.25,2990.0,1419987.0,-1,TVCL
2026-08-12,430.3,436.0,430.3,435.0,0.23,4591.0,1984702.7,1,UAIL
2026-08-12,661.0,661.0,610.0,610.0,-3.16,34069.0,21163034.5,-1,UHEWA
2026-08-12,2625.0,2739.9,2625.0,2733.0,-0.41,330.0,892369.8,1,ULBSL
2026-08-12,425.0,425.0,371.2,371.2,-14.98,45339.0,16863883.6,-1,ULHC
2026-08-12,560.0,587.0,560.0,575.2,-0.62,46874.0,26922235.2,1,UMHL
2026-08-12,528.1,530.0,523.6,530.0,-0.67,1642.0,862798.1,1,UMRH
2026-08-12,368.0,382.0,368.0,377.9,0.77,24865.0,9354561.8,1,UNHPL
2026-08-12,47700.0,47700.0,47700.0,47700.0,-1.65,10.0,477000.0,0,UNL
2026-08-12,1237.0,1269.8,1237.0,1269.8,-0.17,51.0,63707.0,1,UNLB
2026-08-12,354.8,354.9,345.0,350.0,0.29,18520.0,6435343.5,-1,UPCL
2026-08-12,192.0,193.0,190.1,191.5,-0.26,47254.0,9052925.9,-1,UPPER
2026-08-12,497.1,502.0,494.0,494.0,-0.78,10090.0,4997788.0,-1,USHEC
2026-08-12,509.0,551.8,509.0,530.0,-0.93,2798.0,1500423.0,1,USHL
2026-08-12,1105.0,1120.0,1105.0,1115.0,-0.45,549.0,611607.0,1,USLB
2026-08-12,650.1,665.0,650.1,662.0,-0.15,1494.0,983218.2,1,VLBS
2026-08-12,411.0,415.0,411.0,414.9,0.9,1575.0,649717.8,1,VLUCL
2026-08-12,1355.0,1355.0,1315.0,1315.0,-2.95,255.0,337243.0,-1,WNLB
2026-08-12,612.0,630.0,612.0,626.0,0.16,22832.0,14263977.9,1,YMHL
