symbol,sector
ADBL,Commercial Banks
CZBIL,Commercial Banks
EBL,Commercial Banks
GBIME,Commercial Banks
HBL,Commercial Banks
KBL,Commercial Banks
LSL,Commercial Banks
MBL,Commercial Banks
NABIL,Commercial Banks
NBL,Commercial Banks
NICA,Commercial Banks
NIMB,Commercial Banks
NMB,Commercial Banks
PCBL,Commercial Banks
PRVU,Commercial Banks
SANIMA,Commercial Banks
SBI,Commercial Banks
SBL,Commercial Banks
SCB,Commercial Banks
CORBL,Development Banks
EDBL,Development Banks
GBBL,Development Banks
GRDBL,Development Banks
JBBL,Development Banks
KSBBL,Development Banks
LBBL,Development Banks
MDB,Development Banks
MLBL,Development Banks
MNBBL,Development Banks
NABBC,Development Banks
SABBL,Development Banks
SADBL,Development Banks
SAPDBL,Development Banks
SHINE,Development Banks
SINDU,Development Banks
BFC,Finance
CFCL,Finance
GFCL,Finance
GMFIL,Finance
GUFL,Finance
ICFC,Finance
JFL,Finance
MFIL,Finance
MPFL,Finance
NFS,Finance
PFL,Finance
PROFL,Finance
RLFL,Finance
SFCL,Finance
SIFC,Finance
BANDIPUR,Hotels/Tourism
CGH,Hotels/Tourism
CITY,Hotels/Tourism
HFIN,Hotels/Tourism
KDL,Hotels/Tourism
OHL,Hotels/Tourism
SHL,Hotels/Tourism
TRH,Hotels/Tourism
AHL,Hydropower
AHPC,Hydropower
AKJCL,Hydropower
AKPL,Hydropower
APHL,Hydropower
API,Hydropower
BARUN,Hydropower
BEDC,Hydropower
BGWT,Hydropower
BHCL,Hydropower
BHDC,Hydropower
BHL,Hydropower
BHPL,Hydropower
BJHL,Hydropower
BNHC,Hydropower
BPCL,Hydropower
BUNGAL,Hydropower
CHCL,Hydropower
CHL,Hydropower
CKHL,Hydropower
DHEL,Hydropower
DHPL,Hydropower
DOLTI,Hydropower
DORDI,Hydropower
EHPL,Hydropower
GHL,Hydropower
GLH,Hydropower
GVL,Hydropower
HDHPC,Hydropower
HHL,Hydropower
HIMSTAR,Hydropower
HPPL,Hydropower
HURJA,Hydropower
IHL,Hydropower
JOSHI,Hydropower
KAHL,Hydropower
KBSH,Hydropower
KHPL,Hydropower
KKHC,Hydropower
KPCL,Hydropower
LEC,Hydropower
MABEL,Hydropower
MAKAR,Hydropower
MANDU,Hydropower
MBJC,Hydropower
MCHL,Hydropower
MEHL,Hydropower
MEL,Hydropower
MEN,Hydropower
MEPDL,Hydropower
MHCL,Hydropower
MHL,Hydropower
MHNL,Hydropower
MKHC,Hydropower
MKHL,Hydropower
MKJC,Hydropower
MMKJL,Hydropower
MSHL,Hydropower
NGPL,Hydropower
NHDL,Hydropower
NHPC,Hydropower
NYADI,Hydropower
PHCL,Hydropower
PMHPL,Hydropower
PPCL,Hydropower
PPL,Hydropower
RADHI,Hydropower
RAWA,Hydropower
RFPL,Hydropower
RHGCL,Hydropower
RHPL,Hydropower
RIDI,Hydropower
RLEL,Hydropower
RURU,Hydropower
SAHAS,Hydropower
SANVI,Hydropower
SGHC,Hydropower
SGHL,Hydropower
SHEL,Hydropower
SHPC,Hydropower
SIKLES,Hydropower
SIPD,Hydropower
SJCL,Hydropower
SKHEL,Hydropower
SKHL,Hydropower
SMH,Hydropower
SMHL,Hydropower
SMJC,Hydropower
SNORL,Hydropower
SOHL,Hydropower
SPC,Hydropower
SPDL,Hydropower
SPHL,Hydropower
SPL,Hydropower
SSHL,Hydropower
TAMOR,Hydropower
TPC,Hydropower
TPKHL,Hydropower
TSHL,Hydropower
TVCL,Hydropower
UHEWA,Hydropower
ULHC,Hydropower
UMHL,Hydropower
UMRH,Hydropower
UNHPL,Hydropower
UPCL,Hydropower
UPPER,Hydropower
USHEC,Hydropower
USHL,Hydropower
VLUCL,Hydropower
YMHL,Hydropower
CHDC,Investment
CIT,Investment
ENL,Investment
HATHY,Investment
HIDCL,Investment
NIFRA,Investment
NRN,Investment
ALICL,Life Insurance
CLI,Life Insurance
CREST,Life Insurance
GMLI,Life Insurance
HLI,Life Insurance
ILI,Life Insurance
LICN,Life Insurance
NLIC,Life Insurance
NLICL,Life Insurance
PMLI,Life Insurance
RNLI,Life Insurance
SJLIC,Life Insurance
SNLI,Life Insurance
SRLI,Life Insurance
BNL,Manufacturing & Processing
BNT,Manufacturing & Processing
ECL,Manufacturing & Processing
GCIL,Manufacturing & Processing
HDL,Manufacturing & Processing
NLO,Manufacturing & Processing
OMPL,Manufacturing & Processing
PCIL,Manufacturing & Processing
RSML,Manufacturing & Processing
SAGAR,Manufacturing & Processing
SAIL,Manufacturing & Processing
SAPIL,Manufacturing & Processing
SARBTM,Manufacturing & Processing
SHIVM,Manufacturing & Processing
SONA,Manufacturing & Processing
SOPL,Manufacturing & Processing
SYPNL,Manufacturing & Processing
UNL,Manufacturing & Processing
ACLBSL,Microfinance
ALBSL,Microfinance
ANLB,Microfinance
AVYAN,Microfinance
CBBL,Microfinance
CYCL,Microfinance
DDBL,Microfinance
DLBS,Microfinance
FMDBL,Microfinance
FOWAD,Microfinance
GBLBS,Microfinance
GILB,Microfinance
GLBSL,Microfinance
GMFBS,Microfinance
HLBSL,Microfinance
ILBS,Microfinance
JBLB,Microfinance
JSLBB,Microfinance
KMCDB,Microfinance
LLBS,Microfinance
MATRI,Microfinance
MERO,Microfinance
MLBBL,Microfinance
MLBS,Microfinance
MLBSL,Microfinance
MSLB,Microfinance
NADEP,Microfinance
NESDO,Microfinance
NICLBSL,Microfinance
NMBMF,Microfinance
NMFBS,Microfinance
NMLBBL,Microfinance
NUBL,Microfinance
RSDC,Microfinance
SHLB,Microfinance
SKBBL,Microfinance
SLBBL,Microfinance
SLBSL,Microfinance
SMATA,Microfinance
SMB,Microfinance
SMFBS,Microfinance
SMPDA,Microfinance
SWASTIK,Microfinance
SWBBL,Microfinance
SWMF,Microfinance
ULBSL,Microfinance
UNLB,Microfinance
USLB,Microfinance
VLBS,Microfinance
WNLB,Microfinance
HEI,Non-Life Insurance
IGI,Non-Life Insurance
NICL,Non-Life Insurance
NIL,Non-Life Insurance
NLG,Non-Life Insurance
NMIC,Non-Life Insurance
PRIN,Non-Life Insurance
RBCL,Non-Life Insurance
SALICO,Non-Life Insurance
SGIC,Non-Life Insurance
SICL,Non-Life Insurance
SPIL,Non-Life Insurance
UAIL,Non-Life Insurance
HRL,Others
JHAPA,Others
MKCL,Others
NRIC,Others
NRM,Others
NTC,Others
NWCL,Others
PURE,Others
TTL,Others
BBC,Trading
STC,Trading
